{"cameraMode":{"drawMode":0,"name":"Shaded","section":"Shading Mode"},"sceneLighting":true,"audioPlay":false,"sceneViewState":{"showFog":true,"showMaterialUpdate":false,"showSkybox":true,"showFlares":true,"showImageEffects":true,"showParticleSystems":true},"in2DMode":false,"pivot":{"x":309.0729064941406,"y":530.4693603515625,"z":-62.5886116027832},"rotation":{"x":-0.01557841431349516,"y":0.053967271000146869,"z":0.0008420267840847373,"w":0.998421847820282},"size":635.80615234375,"orthographic":true}